Unnamed: 0,batter,baller,ball_speed,ball_length,ball_swing,wicket,wide,runs,shot,commentary
0,Bumrah,Naseem Shah,Slower ball at 119,full,leg,1,0,0,flick,"Naseem Shah to Bumrah, out Caught by Agha Salman,, Holes out on this occasion, Slower ball at 119kph, Bumrah swings across the line and doesn't generate enough power behind the shot"
1,Bumrah,Naseem Shah,139,full,straight,0,0,4,defend,"Naseem Shah to Bumrah, FOUR, 139kph, fuller in length, Bumrah takes the aerial route to hit it straight of mid-off"
2,Siraj,Naseem Shah,,full,outside,0,0,1,defend,"Naseem Shah to Siraj, 1 run, short of length delivery, tapped to the right of backward point"
3,Kuldeep Yadav,Naseem Shah,141,full,straight,1,0,0,defend,"Naseem Shah to Kuldeep Yadav, out Caught by Rizwan,, 141kph, short of a good length delivery, Kuldeep Yadav looks to guide it behind square and gets an outside nick"
4,Kuldeep Yadav,Naseem Shah,,full,outside,0,0,0,defend,"Naseem Shah to Kuldeep Yadav, no run, B0$, length ball, Kuldeep Yadav taps it to backward point with an opened bat-face"
5,Bumrah,Shaheen Afridi,135,full,outside,0,0,0,cut,"Shaheen Afridi to Bumrah, no run, 135kph, over the wicket, away-slanter from a short of length, Bumrah lets it be by shouldering arms"
6,Kuldeep Yadav,Shaheen Afridi,135,full,outside,0,0,1,defend,"Shaheen Afridi to Kuldeep Yadav, 1 run, 135kph, Kuldeep Yadav knocks this full delivery towards mid-on for a quick single"
7,Kuldeep Yadav,Shaheen Afridi,118,full,outside,0,0,0,defend,"Shaheen Afridi to Kuldeep Yadav, no run, 118kph, slow and full, played back at the bowler"
8,Bumrah,Shaheen Afridi,,full,straight,0,0,1,flick,"Shaheen Afridi to Bumrah, 1 run, off-speed again, angled in on middle, a shuffling Bumrah turns it to mid-wicket"
9,Bumrah,Shaheen Afridi,122,full,outside,0,0,0,flick,"Shaheen Afridi to Bumrah, no run, 122kph, slower ball, yorker length outside off, Bumrah fails to lay bat on ball as he tries to steer it behind square"
10,Kuldeep Yadav,Shaheen Afridi,134,full,outside,0,0,1,defend,"Shaheen Afridi to Kuldeep Yadav, 1 run, 134kph, width on offer, Kuldeep Yadav guides it to third man"
11,Kuldeep Yadav,Shaheen Afridi,135,full,outside,0,1,1,flick,"Shaheen Afridi to Kuldeep Yadav, wide, 135kph, Afridi spills one down leg"
12,Bumrah,Haris Rauf,143,full,leg,0,0,0,flick,"Haris Rauf to Bumrah, no run, 143kph, length ball that holds its line outside off, Bumrah sticks his bat out and is beaten on the outside edge"
13,Bumrah,Haris Rauf,146,full,outside,0,0,4,cut,"Haris Rauf to Bumrah, FOUR, 146kph, Haris Rauf overpitches and Bumrah plays a cracking shot"
14,Bumrah,Haris Rauf,144,full,outside,0,0,0,defend,"Haris Rauf to Bumrah, no run, 144kph, pitched up, a shuffling Bumrah drives to mid-on"
15,Kuldeep Yadav,Haris Rauf,144,full,straight,0,0,1,on drive,"Haris Rauf to Kuldeep Yadav, 1 run, 144kph, keeps a bit low does this length ball, nudged into the on-side for a risky single"
16,Kuldeep Yadav,Haris Rauf,145,full,straight,0,0,0,cover drive,"Haris Rauf to Kuldeep Yadav, no run, 145kph, almost in the blockhole darted in, dug out into the off-side"
17,Kuldeep Yadav,Haris Rauf,143,full,outside,0,0,0,defend,"Haris Rauf to Kuldeep Yadav, no run, 143kph, yorker outside off, squeezed towards backward point"
18,Kuldeep Yadav,Shaheen Afridi,138,full,outside,0,0,1,cover drive,"Shaheen Afridi to Kuldeep Yadav, 1 run, 138kph, tapped into the off-side for a sharp single"
19,Kuldeep Yadav,Shaheen Afridi,139,full,leg,0,0,0,flick,"Shaheen Afridi to Kuldeep Yadav, no run, 139kph, wider line and Kuldeep Yadav chases it with an opened bat-face"
20,Kuldeep Yadav,Shaheen Afridi,138,full,outside,0,0,0,late cut,"Shaheen Afridi to Kuldeep Yadav, no run, 138kph, yorker, jammed back to the bowler off the toe end of the bat"
21,Bumrah,Shaheen Afridi,134,full,straight,0,0,1,flick,"Shaheen Afridi to Bumrah, 1 run, 134kph, low full toss, Bumrah opens his bat-face to steer it to third man"
22,Bumrah,Shaheen Afridi,,full,outside,0,0,4,defend,"Shaheen Afridi to Bumrah, FOUR, Bumrah takes the aerial route and makes good contact"
23,Bumrah,Shaheen Afridi,137,full,outside,0,0,0,defend,"Shaheen Afridi to Bumrah, no run, 137kph, pitched up outside off, Bumrah push-drives to mid-off"
24,Kuldeep Yadav,Naseem Shah,142,full,outside,0,0,0,defend,"Naseem Shah to Kuldeep Yadav, no run, 142kph, fuller than a length, defended towards point with an opened bat-face"
25,Bumrah,Naseem Shah,141,full,outside,0,0,1,defend,"Naseem Shah to Bumrah, 1 run, 141kph, fullish delivery angled in, glanced to deep square leg"
26,Kuldeep Yadav,Naseem Shah,141,full,straight,0,0,2,defend,"Naseem Shah to Kuldeep Yadav, 2 wides, 141kph, bumper, too short, Kuldeep Yadav half-ducks and Rizwan leaps to get a glove on it"
27,Kuldeep Yadav,Naseem Shah,144,full,outside,0,0,0,defend,"Naseem Shah to Kuldeep Yadav, no run, 144kph, pacy length ball, Kuldeep Yadav defends and inside-edges onto his pads"
28,Bumrah,Naseem Shah,144,full,outside,0,0,1,defend,"Naseem Shah to Bumrah, 1 run, 144kph, short ball and Bumrah pulls it in front of square with one leg off the ground"
29,Bumrah,Naseem Shah,143,full,outside,0,0,0,defend,"Naseem Shah to Bumrah, no run, 143kph, full delivery, defensively pushed back to Naseem"
30,Thakur,Naseem Shah,139,full,outside,1,0,0,cover drive,"Naseem Shah to Thakur, out Caught by Shadab Khan,, Excellent catch, 139kph, Thakur wants to tuck this length ball into the leg-side"
31,Jadeja,Shaheen Afridi,137,full,straight,1,0,0,flick,"Shaheen Afridi to Jadeja, out Caught by Rizwan,, The edge is found on this occasion and Jadeja is gone, 137kph, slightly fuller and the line is wider"
32,Jadeja,Shaheen Afridi,138,full,outside,0,0,0,defend,"Shaheen Afridi to Jadeja, no run, 138kph, tries to steer this length ball down to third man and misses"
33,Jadeja,Shaheen Afridi,141,full,straight,0,0,0,defend,"Shaheen Afridi to Jadeja, no run, 141kph, Jadeja miscues the drive to cover"
34,Thakur,Shaheen Afridi,,full,leg,0,0,3,flick,"Shaheen Afridi to Thakur, 3 runs, straighter line and Thakur wrists it through mid-wicket"
35,Thakur,Shaheen Afridi,137,full,outside,0,0,0,defend,"Shaheen Afridi to Thakur, no run, 137kph, in-slanting length ball, tapped towards cover"
36,Hardik Pandya,Shaheen Afridi,119,full,outside,1,0,0,defend,"Shaheen Afridi to Hardik Pandya, out Caught by Agha Salman,, The dangerous Hardik Pandya is gone, 119kph, slower delivery, full and outside off from round the wicket, Hardik is early into his drive, the bottom hand comes off the handle and he spoons it to cover"
37,Jadeja,Naseem Shah,142,full,outside,0,0,0,defend,"Naseem Shah to Jadeja, no run, 142kph, Jadeja moves leg-side and misses the flick as Naseem follows the batter with a full delivery"
38,Jadeja,Naseem Shah,144,full,outside,0,0,0,defend,"Naseem Shah to Jadeja, no run, 144kph, Jadeja misses the flick to get hit on the back leg"
39,Hardik Pandya,Naseem Shah,145,full,outside,0,0,1,cover drive,"Naseem Shah to Hardik Pandya, 1 run, 145kph, too close to be cutting/dabbing"
40,Hardik Pandya,Naseem Shah,141,full,straight,0,0,0,defend,"Naseem Shah to Hardik Pandya, no run, 141kph, extra bounce, Hardik Pandya pushes at it and hits him high on the bat before rolling towards cover"
41,Jadeja,Naseem Shah,144,full,outside,0,0,1,defend,"Naseem Shah to Jadeja, 1 run, 144kph, short of length ball, Jadeja is late on the flick and he inside-edges it to square leg"
42,Jadeja,Naseem Shah,143,full,outside,0,0,0,defend,"Naseem Shah to Jadeja, no run, 143kph, pitched up ball, Jadeja drives straight to cover"
43,Hardik Pandya,Shadab Khan,93,full,outside,0,0,0,defend,"Shadab Khan to Hardik Pandya, no run, 93kph, googly, Hardik Pandya is beaten on the inside edge as he gets forward to block"
44,Hardik Pandya,Shadab Khan,,full,straight,0,0,4,defend,"Shadab Khan to Hardik Pandya, FOUR, misfield and four, Shortish outside off, cut hard by Hardik Pandya"
45,Hardik Pandya,Shadab Khan,89,full,outside,0,0,2,defend,"Shadab Khan to Hardik Pandya, 2 runs, 89kph, worked through mid-wicket for a brace"
46,Jadeja,Shadab Khan,90,length,outside,0,0,1,cut,"Shadab Khan to Jadeja, 1 run, 90kph, full delivery outside off, Jadeja leans and drives along the ground to long-off"
47,Jadeja,Shadab Khan,96,full,leg,0,0,0,flick,"Shadab Khan to Jadeja, no run, 96kph, off-stump line, Jadeja taps it to point off the back foot"
48,Jadeja,Shadab Khan,90,full,straight,0,0,4,defend,"Shadab Khan to Jadeja, FOUR, 90kph, shortish ball, Jadeja quickly treks back and pulls it through mid-wicket"
49,Hardik Pandya,Naseem Shah,146,full,outside,0,0,0,defend,"Naseem Shah to Hardik Pandya, no run, 146kph, fullish delivery, Hardik Pandya opens his bat-face to dink it to backward point"
50,Jadeja,Naseem Shah,143,full,outside,0,0,1,cover drive,"Naseem Shah to Jadeja, 1 run, 143kph, Naseem attacks the sticks and Jadeja looks to drive"
51,Jadeja,Naseem Shah,,full,outside,0,0,2,defend,"Naseem Shah to Jadeja, 2 runs, B0$, leg-lined, flicked to deep backward square leg"
52,Jadeja,Naseem Shah,144,full,outside,0,0,0,defend,"Naseem Shah to Jadeja, no run, 144kph, away-angler, patted to cover"
53,Jadeja,Naseem Shah,141,full,outside,0,0,2,defend,"Naseem Shah to Jadeja, 2 runs, 141kph, short of length ball, leg-lined, Jadeja shuffles and tucks it away to deep mid-wicket"
54,Jadeja,Naseem Shah,,full,outside,0,0,0,defend,"Naseem Shah to Jadeja, no run, back of a length delivery, turned to mid-wicket"
55,Hardik Pandya,Haris Rauf,,full,outside,0,0,0,defend,"Haris Rauf to Hardik Pandya, no run, slower delivery outside off, Hardik Pandya steers it to point"
56,Hardik Pandya,Haris Rauf,,full,outside,0,0,0,defend,"Haris Rauf to Hardik Pandya, no run, directed at the stumps, Hardik Pandya defends it from within the crease"
57,Hardik Pandya,Haris Rauf,,full,outside,0,0,4,pull,"Haris Rauf to Hardik Pandya, FOUR, forehand smash, Shortish delivery and Hardik Pandya hammers his pull through mid-wicket for the third boundary of this over"
58,Hardik Pandya,Haris Rauf,,full,outside,0,0,0,cut,"Haris Rauf to Hardik Pandya, no run, shortish delivery outside off, Hardik Pandya shoulders arms"
59,Hardik Pandya,Haris Rauf,,full,outside,0,0,4,defend,"Haris Rauf to Hardik Pandya, FOUR, deft touch, Short of a length outside off, Hardik Pandya opens the bat face and guides it to third man for back-to-back boundaries"
60,Hardik Pandya,Haris Rauf,,full,straight,0,0,4,flick,"Haris Rauf to Hardik Pandya, FOUR, cracking shot, Short and wide outside off, Hardik Pandya cuts it through backward point for four runs"
61,Jadeja,Shadab Khan,,full,outside,0,0,2,defend,"Shadab Khan to Jadeja, 2 runs, drifting on the pads, clipped through the leg-side for a brace"
62,Jadeja,Shadab Khan,,full,outside,0,0,0,defend,"Shadab Khan to Jadeja, no run, driven back to the bowler by Jadeja"
63,Jadeja,Shadab Khan,,full,outside,0,0,0,defend,"Shadab Khan to Jadeja, no run, on the pads, Jadeja nudges this to square leg"
64,Hardik Pandya,Shadab Khan,,full,outside,0,0,1,defend,"Shadab Khan to Hardik Pandya, 1 run, guides this towards short third man by playing late, stopped by the fielder stationed there"
65,Jadeja,Shadab Khan,,length,straight,0,0,1,flick,"Shadab Khan to Jadeja, 1 run, tossed up delivery on middle and leg, pushed to long-on for a single"
66,Hardik Pandya,Shadab Khan,,full,outside,0,0,1,defend,"Shadab Khan to Hardik Pandya, 1 run, played through cover by Hardik Pandya"
67,Jadeja,Haris Rauf,145,full,outside,0,0,0,defend,"Haris Rauf to Jadeja, no run, 145kph, short of a length outside off, cut to point"
68,Jadeja,Haris Rauf,,full,outside,0,0,0,defend,"Haris Rauf to Jadeja, no run, full and quick on leg, Jadeja looks to flick it away, but gets hit on the pads"
69,Jadeja,Haris Rauf,,full,straight,0,0,0,flick,"Haris Rauf to Jadeja, no run, nudged into the leg-side by Jadeja as he faces his first ball"
70,Ishan Kishan,Haris Rauf,,full,outside,1,0,0,cover drive,"Haris Rauf to Ishan Kishan, out Caught by Babar Azam,, Third wicket for Haris Rauf as he breaks the partnership"
71,Hardik Pandya,Haris Rauf,,short,outside,0,0,1,pull,"Haris Rauf to Hardik Pandya, 1 run, skids along the deck on off, Hardik Pandya punches it into the pocket at cover-point"
72,Hardik Pandya,Haris Rauf,,full,outside,0,0,0,cover drive,"Haris Rauf to Hardik Pandya, no run, banged in short by Haris Rauf as Pandya leaves it alone"
73,Ishan Kishan,Nawaz,,full,outside,0,0,2,flick,"Nawaz to Ishan Kishan, 2 runs, flat-bats this over the bowler and takes a brace to end the over"
74,Hardik Pandya,Nawaz,,full,outside,0,0,1,defend,"Nawaz to Hardik Pandya, 1 run, fraction short outside off, chopped towards backward point by Hardik Pandya"
75,Hardik Pandya,Nawaz,,full,outside,0,0,2,cover drive,"Nawaz to Hardik Pandya, 2 runs, 200 up for India, Whistles in the crowd as Hardik and Ishan are entertaining them and scoring much needed runs"
76,Hardik Pandya,Nawaz,,full,outside,0,0,6,flick,"Nawaz to Hardik Pandya, SIX, smoked over deep mid-wicket, Hardik Pandya goes down on his knee and brings out the slogsweep, sends this sailing over deep mid-wicket for half-a-dozen"
77,Ishan Kishan,Nawaz,,length,straight,0,0,1,defend,"Nawaz to Ishan Kishan, 1 run, on a length on middle and leg, knocked to long-on by Ishan Kishan for a single"
78,Ishan Kishan,Nawaz,,full,outside,0,0,4,defend,"Nawaz to Ishan Kishan, FOUR, excellent shot, Goes deep back in his crease, it's a short ball and Ishan Kishan pulls this towards deep mid-wicket for a one-bounce boundary"
79,Hardik Pandya,Haris Rauf,,full,outside,0,0,0,defend,"Haris Rauf to Hardik Pandya, no run, comfortably blocks this length delivery towards mid-off does Hardik Pandya"
80,Hardik Pandya,Haris Rauf,,full,outside,0,0,2,defend,"Haris Rauf to Hardik Pandya, 2 runs, Pakistan continue to fumble and struggle in the field"
81,Ishan Kishan,Haris Rauf,,full,straight,0,0,1,flick,"Haris Rauf to Ishan Kishan, 1 run, back of a length on middle and leg, Ishan Kishan clips it through the leg-side for a single"
82,Hardik Pandya,Haris Rauf,,full,straight,0,0,1,defend,"Haris Rauf to Hardik Pandya, 1 run, pulls this shortish delivery through the leg-side for a single"
83,Hardik Pandya,Haris Rauf,,full,outside,0,0,0,defend,"Haris Rauf to Hardik Pandya, no run, short of a length around off, knocked to mid-off by Hardik Pandya"
84,Hardik Pandya,Haris Rauf,,full,straight,0,0,0,pull,"Haris Rauf to Hardik Pandya, no run, skids along the deck does this shortish delivery, Hardik Pandya gets beaten on the outside edge"
85,Ishan Kishan,Nawaz,,full,straight,0,0,0,defend,"Nawaz to Ishan Kishan, no run, tad short outside off, Ishan Kishan chops it towards short third man"
86,Hardik Pandya,Nawaz,,length,outside,0,0,1,cover drive,"Nawaz to Hardik Pandya, 1 run, tossed up delivery around off, Hardik Pandya drives this along the carpet to long-off for a single"
87,Ishan Kishan,Nawaz,,full,straight,0,0,1,off drive,"Nawaz to Ishan Kishan, 1 run, that keeps a touch low as Ishan Kishan works it into the pocket at mid-wicket"
88,Hardik Pandya,Nawaz,,full,outside,0,0,1,defend,"Nawaz to Hardik Pandya, 1 run, flatter through the air, pushed into the pocket at cover for a single"
89,Ishan Kishan,Nawaz,,full,outside,0,0,1,defend,"Nawaz to Ishan Kishan, 1 run, way too short, Ishan Kishan rocks back and pulls this over mid-wicket for a single"
90,Hardik Pandya,Nawaz,,full,outside,0,0,1,defend,"Nawaz to Hardik Pandya, 1 run, full and straight outside off, the batter squeezes it into the off-side for a single"
91,Hardik Pandya,Agha Salman,,length,outside,0,0,1,defend,"Agha Salman to Hardik Pandya, 1 run, fifty for Hardik Pandya, Drives this along the carpet to long-on and notches up a fine fifty does Hardik Pandya"
92,Ishan Kishan,Agha Salman,,full,outside,0,0,1,defend,"Agha Salman to Ishan Kishan, 1 run, driven to long-off for a single"
93,Hardik Pandya,Agha Salman,,full,outside,0,0,1,cover drive,"Agha Salman to Hardik Pandya, 1 run, fired on the batter's pads, flicked through the leg-side for a single"
94,Hardik Pandya,Agha Salman,,full,outside,0,0,2,defend,"Agha Salman to Hardik Pandya, 2 runs, driven to long-on by Hardik and a fumble by the fielder in the deep results in the second run"
95,Ishan Kishan,Agha Salman,,full,outside,0,0,1,flick,"Agha Salman to Ishan Kishan, 1 run, gets an inside edge towards the off-side for a single"
96,Ishan Kishan,Agha Salman,,full,outside,0,0,4,defend,"Agha Salman to Ishan Kishan, FOUR, nicely done"
97,Ishan Kishan,Nawaz,,full,outside,0,0,1,defend,"Nawaz to Ishan Kishan, 1 run, Nawaz goes short as Ishan Kishan drags this to long-on for a single"
98,Ishan Kishan,Nawaz,,full,outside,0,0,0,defend,"Nawaz to Ishan Kishan, no run, pushed to cover by Ishan Kishan, can't get it past the fielder"
99,Ishan Kishan,Nawaz,,full,outside,0,0,0,defend,"Nawaz to Ishan Kishan, no run, spinning into the batter around off, Kishan goes for a cut, gets an inside edge on to the pads"
100,Ishan Kishan,Nawaz,,full,outside,0,0,6,flick,"Nawaz to Ishan Kishan, SIX, 100-run stand up, Right into the slot and Kishan has smashed this over the bowler's head for half-a-dozen"
101,Ishan Kishan,Nawaz,,full,straight,0,0,0,flick,"Nawaz to Ishan Kishan, no run, on a length around middle and leg, spinning into the batter as Ishan Kishan nudges it into the leg-side"
102,Hardik Pandya,Nawaz,,full,outside,0,0,1,defend,"Nawaz to Hardik Pandya, 1 run, finally a good effort from Afridi"
103,Ishan Kishan,Agha Salman,,full,straight,0,0,0,flick,"Agha Salman to Ishan Kishan, no run, way too short on middle and leg, keeps low, Ishan Kishan looks to drag this through the leg-side, gets hit on the pads"
104,Ishan Kishan,Agha Salman,,full,straight,0,1,1,flick,"Agha Salman to Ishan Kishan, wide, quicker delivery down the leg-side, Ishan Kishan looks to flick it away, but misses"
105,Hardik Pandya,Agha Salman,,full,outside,0,0,1,cover drive,"Agha Salman to Hardik Pandya, 1 run, pushed through by Agha Salman, Hardik Pandya works it towards the leg-side for a single"
106,Ishan Kishan,Agha Salman,,length,outside,0,0,1,pull,"Agha Salman to Ishan Kishan, 1 run, way too short and Ishan Kishan drags it to long-on with a pull"
107,Hardik Pandya,Agha Salman,,full,outside,0,0,1,defend,"Agha Salman to Hardik Pandya, 1 run, full and straight at the stumps, Hardik Pandya flicks this through mid-wicket for a single"
108,Hardik Pandya,Agha Salman,,full,outside,0,0,0,defend,"Agha Salman to Hardik Pandya, no run, a lot slower through the air, Hardik Pandya guides it back to Agha Salman"
109,Hardik Pandya,Agha Salman,,full,outside,0,0,0,defend,"Agha Salman to Hardik Pandya, no run, on the batter's pads who works this towards square leg"
110,Hardik Pandya,Shadab Khan,,full,outside,0,0,1,defend,"Shadab Khan to Hardik Pandya, 1 run, chopped to point by Hardik Pandya for a single to end the over, another fumble by the fielder"
111,Ishan Kishan,Shadab Khan,,length,outside,0,0,1,defend,"Shadab Khan to Ishan Kishan, 1 run, squeezed to long-on by Ishan Kishan for a single"
112,Hardik Pandya,Shadab Khan,,full,outside,0,0,1,cover drive,"Shadab Khan to Hardik Pandya, 1 run, sliced towards backward point by Hardik Pandya who was keen for the second too"
113,Ishan Kishan,Shadab Khan,,full,straight,0,0,1,flick,"Shadab Khan to Ishan Kishan, 1 run, drifting on the pads, nudged to short fine leg for a single"
114,Hardik Pandya,Shadab Khan,,full,outside,0,0,1,defend,"Shadab Khan to Hardik Pandya, 1 run, fraction short on off, Hardik Pandya pats it into the off-side for a single"
115,Hardik Pandya,Shadab Khan,,length,outside,0,0,2,flick,"Shadab Khan to Hardik Pandya, 2 runs, quicker through the air, Hardik Pandya drives it to wide long-off for a brace"
116,Hardik Pandya,Agha Salman,,full,outside,0,0,1,cover drive,"Agha Salman to Hardik Pandya, 1 run, on the batter's pads as Hardik Pandya works it through the on-side for a single"
117,Hardik Pandya,Agha Salman,,full,outside,0,0,0,defend,"Agha Salman to Hardik Pandya, no run, very full ball on off, Hardik Pandya squeezes it down the pitch"
118,Ishan Kishan,Agha Salman,,full,outside,0,0,1,flick,"Agha Salman to Ishan Kishan, 1 run, swept through square leg by Ishan Kishan for a single"
119,Ishan Kishan,Agha Salman,,full,outside,0,0,0,defend,"Agha Salman to Ishan Kishan, no run, quicker delivery on off, Ishan Kishan taps it into the off-side"
120,Ishan Kishan,Agha Salman,,full,outside,0,0,0,defend,"Agha Salman to Ishan Kishan, no run, goes down for the sweep, towards short fine leg though"
121,Ishan Kishan,Agha Salman,,full,straight,0,0,0,flick,"Agha Salman to Ishan Kishan, no run, fails to middle this one as he attempts a slogsweep"
122,Ishan Kishan,Shadab Khan,,length,outside,0,0,1,defend,"Shadab Khan to Ishan Kishan, 1 run, flatter delivery as Ishan Kishan punches it to long-on for one"
123,Ishan Kishan,Shadab Khan,,length,outside,0,0,4,defend,"Shadab Khan to Ishan Kishan, FOUR, short and punished, Was a half-tracker that Ishan Kishan pulls hard towards wide long-on and Shaheen Afridi in the deep misfields as it results in four runs"
124,Ishan Kishan,Shadab Khan,,full,straight,0,0,0,flick,"Shadab Khan to Ishan Kishan, no run, fraction short on middle and leg, nudged to mid-wicket by Ishan Kishan"
125,Hardik Pandya,Shadab Khan,,full,outside,0,0,1,defend,"Shadab Khan to Hardik Pandya, 1 run, driven down the wicket by Hardik Pandya for a single"
126,Ishan Kishan,Shadab Khan,,full,outside,0,0,1,defend,"Shadab Khan to Ishan Kishan, 1 run, fifty for Kishan, A quality knock and it has come when India needed him the most"
127,Ishan Kishan,Shadab Khan,,full,straight,0,0,0,flick,"Shadab Khan to Ishan Kishan, no run, floated on middle and leg, pushed back to the bowler"
128,Hardik Pandya,Agha Salman,,full,straight,0,0,0,defend,"Agha Salman to Hardik Pandya, no run, fired on middle and leg, flicked to mid-wicket by the batter"
129,Hardik Pandya,Agha Salman,,full,outside,0,0,2,defend,"Agha Salman to Hardik Pandya, 2 runs, Agha Salman goes full around off and Hardik Pandya drives it through cover for a brace"
130,Hardik Pandya,Agha Salman,,full,outside,0,0,0,defend,"Agha Salman to Hardik Pandya, no run, flatter around off, Hardik Pandya defends it watchfully"
131,Hardik Pandya,Agha Salman,,full,straight,0,0,0,defend,"Agha Salman to Hardik Pandya, no run, touch fuller on off, pushed back to the bowler"
132,Hardik Pandya,Agha Salman,,full,outside,0,0,0,defend,"Agha Salman to Hardik Pandya, no run, stands tall and knocks this back to the bowler"
133,Ishan Kishan,Agha Salman,,length,outside,0,0,1,flick,"Agha Salman to Ishan Kishan, 1 run, heaved towards wide wide long-on for a single"
134,Hardik Pandya,Agha Salman,,length,outside,0,0,0,cut,"Agha Salman to Hardik Pandya, no ball, 1 run, eased to long-off by Hardik Pandya for a single"
135,Ishan Kishan,Shaheen Afridi,,full,outside,0,0,0,defend,"Shaheen Afridi to Ishan Kishan, no run, touch fuller around off, pushed to mid-off by Ishan Kishan"
136,Ishan Kishan,Shaheen Afridi,,full,outside,0,0,0,defend,"Shaheen Afridi to Ishan Kishan, no run, knocked down the pitch by Ishan Kishan this time"
137,Hardik Pandya,Shaheen Afridi,,full,outside,0,0,1,cover drive,"Shaheen Afridi to Hardik Pandya, 1 run, short of a length outside off, Hardik Pandya cuts this through point for a single"
138,Hardik Pandya,Shaheen Afridi,,full,outside,0,0,0,defend,"Shaheen Afridi to Hardik Pandya, no run, on the batter's pads as Hardik Pandya nudges this to mid-on"
139,Hardik Pandya,Shaheen Afridi,,full,outside,0,0,0,defend,"Shaheen Afridi to Hardik Pandya, no run, on a length around off, Hardik Pandya knocks it down the pitch"
140,Hardik Pandya,Shaheen Afridi,,full,outside,0,0,0,defend,"Shaheen Afridi to Hardik Pandya, no run, short of a length outside off, Hardik Pandya steers this to point"
141,Hardik Pandya,Nawaz,89,full,outside,0,0,1,cover drive,"Nawaz to Hardik Pandya, 1 run, 89kph, eases the drive to long-off"
142,Hardik Pandya,Nawaz,92,full,outside,0,0,0,defend,"Nawaz to Hardik Pandya, no run, 92kph, driven to left of cover and Ishan Kishan is halfway down"
143,Ishan Kishan,Nawaz,,full,outside,0,0,1,flick,"Nawaz to Ishan Kishan, 1 run, another overpitched delivery but Nawaz gets away"
144,Ishan Kishan,Nawaz,88,full,outside,0,0,0,defend,"Nawaz to Ishan Kishan, no run, 88kph, hint of spin, Ishan Kishan stays back to defend it out on the off-side"
145,Ishan Kishan,Nawaz,,full,straight,0,0,4,cover drive,"Nawaz to Ishan Kishan, FOUR, tossed up, overpitched outside off and Ishan Kishan latches onto it"
146,Hardik Pandya,Nawaz,,full,outside,0,0,1,defend,"Nawaz to Hardik Pandya, 1 run, swept to deep square leg"
147,Hardik Pandya,Shaheen Afridi,139,full,straight,0,0,1,off drive,"Shaheen Afridi to Hardik Pandya, 1 run, 139kph, keeps low from a short of length, a hopping Pandya does well to keep it out on the off-side"
148,Hardik Pandya,Shaheen Afridi,135,full,outside,0,0,0,defend,"Shaheen Afridi to Hardik Pandya, no run, 135kph, in-angling length ball, Hardik Pandya drives it back to the bowler off the inner edge which also deflected onto his pad"
149,Hardik Pandya,Shaheen Afridi,135,full,straight,0,0,4,defend,"Shaheen Afridi to Hardik Pandya, FOUR, that's a super shot, 135kph, shortish delivery without any venom, Hardik Pandya stands tall and short-arm-jabs the pull between mid-on and mid-wicket"
150,Hardik Pandya,Shaheen Afridi,133,full,outside,0,0,0,cover drive,"Shaheen Afridi to Hardik Pandya, no run, 133kph, tapped to backward point"
151,Hardik Pandya,Shaheen Afridi,133,full,outside,0,0,0,defend,"Shaheen Afridi to Hardik Pandya, no run, 133kph, short of length ball, Pandya guides it straight to backward point"
152,Ishan Kishan,Shaheen Afridi,,full,outside,0,0,1,flick,"Shaheen Afridi to Ishan Kishan, 1 run, on a length and wide of off, cut to deep point"
153,Hardik Pandya,Nawaz,,full,outside,0,0,2,flick,"Nawaz to Hardik Pandya, 2 runs, opens his bat-face to steer this non-turner to the right of the diving backward point fielder"
154,Hardik Pandya,Nawaz,,full,outside,0,0,0,cover drive,"Nawaz to Hardik Pandya, no run, ripper, Drifts in, lands around off and grips to go past the driving outside edge of Hardik Pandya"
155,Hardik Pandya,Nawaz,89,full,leg,0,0,0,flick,"Nawaz to Hardik Pandya, no run, 89kph, in-drifter, middle-stump line, blocked"
156,Ishan Kishan,Nawaz,86,full,outside,0,0,1,pull,"Nawaz to Ishan Kishan, 1 run, 86kph, slightly on the shorter side and Ishan Kishan quickly rocks back to pull"
157,Ishan Kishan,Nawaz,87,full,outside,0,0,0,defend,"Nawaz to Ishan Kishan, no run, 87kph, full around off, Ishan Kishan stonewalls off the front foot"
158,Hardik Pandya,Nawaz,,full,outside,0,0,1,defend,"Nawaz to Hardik Pandya, 1 run, driven off the front foot to sweeper cover"
159,Hardik Pandya,Shadab Khan,,full,outside,0,0,1,defend,"Shadab Khan to Hardik Pandya, 1 run, drifting in on leg, worked in front of square on the leg-side"
160,Ishan Kishan,Shadab Khan,,full,outside,0,0,1,flick,"Shadab Khan to Ishan Kishan, 1 run, worked through mid-wicket off the back foot"
161,Ishan Kishan,Shadab Khan,,full,outside,0,0,0,defend,"Shadab Khan to Ishan Kishan, no run, clipped to the left of mid-wicket who makes a diving stop"
162,Hardik Pandya,Shadab Khan,,full,outside,0,0,1,defend,"Shadab Khan to Hardik Pandya, 1 run, driven to deep cover off the front foot"
163,Hardik Pandya,Shadab Khan,83,full,straight,0,0,0,defend,"Shadab Khan to Hardik Pandya, no run, 83kph, loopy ball and very full outside off, squeezed to backward point"
164,Hardik Pandya,Shadab Khan,,full,straight,0,0,2,off drive,"Shadab Khan to Hardik Pandya, 2 runs, dropped short outside off, keeps a bit low outside off and Hardik Pandya scythes it to deep point"
165,Hardik Pandya,Nawaz,91,length,outside,0,0,1,cut,"Nawaz to Hardik Pandya, 1 run, 91kph, touch too full and Hardik Pandya drives to long-off"
166,Hardik Pandya,Nawaz,92,full,outside,0,0,0,defend,"Nawaz to Hardik Pandya, no run, 92kph, darted in on leg, drilled straight to mid-wicket"
167,Hardik Pandya,Nawaz,91,full,outside,0,0,0,defend,"Nawaz to Hardik Pandya, no run, 91kph, fullish ball, pushed back to the bowler"
168,Ishan Kishan,Nawaz,88,full,outside,0,0,1,flick,"Nawaz to Ishan Kishan, 1 run, 88kph, bit of flight outside off, pushed through cover point"
169,Ishan Kishan,Nawaz,91,full,outside,0,0,2,cover drive,"Nawaz to Ishan Kishan, 2 runs, 91kph, late-cut towards short third man and a misfield allows the batters to take two"
170,Ishan Kishan,Nawaz,,full,outside,0,0,0,sweep,"Nawaz to Ishan Kishan, no run, non-turning length ball just outside off, tapped to point"
171,Ishan Kishan,Shadab Khan,89,length,outside,0,0,1,defend,"Shadab Khan to Ishan Kishan, 1 run, 89kph, flatter in trajectory, punched to long-on"
172,Ishan Kishan,Shadab Khan,91,full,outside,0,0,0,defend,"Shadab Khan to Ishan Kishan, no run, 91kph, leggie, fuller in length, pushed to mid-wicket"
173,Ishan Kishan,Shadab Khan,94,full,outside,0,0,4,cut,"Shadab Khan to Ishan Kishan, FOUR, 94kph, width on offer and Ishan Kishan plays late to cut it behind square on the off-side"
174,Hardik Pandya,Shadab Khan,,full,straight,0,0,1,defend,"Shadab Khan to Hardik Pandya, 1 run, shortish outside off, cut to sweeper cover"
175,Hardik Pandya,Shadab Khan,91,full,outside,0,0,0,defend,"Shadab Khan to Hardik Pandya, no run, 91kph, very full, driven to cover"
176,Hardik Pandya,Shadab Khan,95,full,outside,0,0,0,cover drive,"Shadab Khan to Hardik Pandya, no run, 95kph, in-drifter, blunted to mid-wicket"
177,Hardik Pandya,Nawaz,,length,outside,0,0,1,cut,"Nawaz to Hardik Pandya, 1 run, driven to long-off off the front foot"
178,Ishan Kishan,Nawaz,,full,outside,0,0,1,flick,"Nawaz to Ishan Kishan, 1 run, shortened length and that's been pulled away to deep mid-wicket"
179,Hardik Pandya,Nawaz,,length,outside,0,0,1,defend,"Nawaz to Hardik Pandya, 1 run, driven along the ground to long-on"
180,Hardik Pandya,Nawaz,,full,outside,0,0,4,defend,"Nawaz to Hardik Pandya, FOUR, flat ball on leg and Hardik brings out the paddle sweep"
181,Hardik Pandya,Nawaz,,full,outside,0,0,0,defend,"Nawaz to Hardik Pandya, no run, defended to cover off the front foot"
182,Ishan Kishan,Nawaz,,length,outside,0,0,1,defend,"Nawaz to Ishan Kishan, 1 run, full ball, driven to long-on"
183,Hardik Pandya,Shadab Khan,86,full,outside,0,0,0,cut,"Shadab Khan to Hardik Pandya, no run, 86kph, slow and full outside off, Hardik plays a premeditated paddle-sweep and miscues it to short fine leg"
184,Hardik Pandya,Shadab Khan,90,full,outside,0,0,0,defend,"Shadab Khan to Hardik Pandya, no run, 90kph, very full, pushed back to the bowler"
185,Hardik Pandya,Shadab Khan,93,full,outside,0,0,0,defend,"Shadab Khan to Hardik Pandya, no run, 93kph, very full ball, jammed to cover"
186,Ishan Kishan,Shadab Khan,,full,outside,0,0,1,defend,"Shadab Khan to Ishan Kishan, 1 run, leg-lined, worked around the corner - a single to deep backward square leg"
187,Ishan Kishan,Shadab Khan,,full,outside,0,0,0,defend,"Shadab Khan to Ishan Kishan, no run, full in length, pushed into the off-side"
188,Hardik Pandya,Shadab Khan,,full,outside,0,0,1,defend,"Shadab Khan to Hardik Pandya, 1 run, driven with the spin to deep cover"
189,Ishan Kishan,Nawaz,89,full,outside,0,0,0,flick,"Nawaz to Ishan Kishan, no run, 89kph, flat ball on a length, played back at the bowler"
190,Ishan Kishan,Nawaz,88,full,outside,0,0,0,cut,"Nawaz to Ishan Kishan, no run, 88kph, not much spin outside off, Ishan Kishan shuffles and shoulders arms"
191,Hardik Pandya,Nawaz,94,full,straight,0,0,1,flick,"Nawaz to Hardik Pandya, 1 run, 94kph, round the wicket, darted in on middle, pushed wide of cover"
192,Ishan Kishan,Nawaz,91,full,leg,0,0,1,flick,"Nawaz to Ishan Kishan, 1 run, 91kph, covers the line on this occasion and punches to long-on"
193,Hardik Pandya,Nawaz,,full,outside,0,0,1,defend,"Nawaz to Hardik Pandya, 1 run, flat and full around off, driven through cover"
194,Ishan Kishan,Haris Rauf,148,full,outside,0,0,0,defend,"Haris Rauf to Ishan Kishan, no run, 148kph, beaten, Pitched up delivery and Kishan leans across to play a cover drive"
195,Ishan Kishan,Haris Rauf,149,full,outside,0,0,0,defend,"Haris Rauf to Ishan Kishan, no run, 149kph, full around off and Ishan Kishan defends into the off-side"
196,Ishan Kishan,Haris Rauf,151,full,outside,0,0,0,defend,"Haris Rauf to Ishan Kishan, no run, 151kph, Too quick for Ishan Kishan who slashes and misses this length ball outside off"
197,Hardik Pandya,Haris Rauf,150,full,outside,0,0,0,cut,"Haris Rauf to Hardik Pandya, byes, 1 run, 150kph, length ball that keeps low outside off, Hardik Pandya shoulders arms"
198,Ishan Kishan,Haris Rauf,,full,outside,0,0,1,defend,"Haris Rauf to Ishan Kishan, 1 run, Haris Rauf hurls it fuller and Ishan Kishan drives through cover point"
199,Ishan Kishan,Haris Rauf,146,full,outside,0,0,4,defend,"Haris Rauf to Ishan Kishan, FOUR, 146kph, Ishan Kishan takes the aerial route and it just eludes the leaping fielder in the deep"
200,Hardik Pandya,Shadab Khan,87,full,outside,0,0,2,defend,"Shadab Khan to Hardik Pandya, 2 runs, 87kph, square-driven with the spin to deep point"
201,Ishan Kishan,Shadab Khan,,full,outside,0,0,1,defend,"Shadab Khan to Ishan Kishan, 1 run, dropped short and Shadab Khan gets away"
202,Ishan Kishan,Shadab Khan,,full,straight,0,0,4,off drive,"Shadab Khan to Ishan Kishan, FOUR, second boundary of the over, Another low full toss, attempted wrong 'un and Ishan Kishan drives firmly straight of mid-off"
203,Ishan Kishan,Shadab Khan,94,full,outside,0,0,0,flick,"Shadab Khan to Ishan Kishan, no run, 94kph, full in length, blocked back to the bowler"
204,Ishan Kishan,Shadab Khan,91,full,outside,0,0,0,defend,"Shadab Khan to Ishan Kishan, no run, 91kph, spinning in from a short of length, whipped to mid-wicket"
205,Ishan Kishan,Shadab Khan,87,full,straight,0,0,4,defend,"Shadab Khan to Ishan Kishan, FOUR, 87kph, low full toss from Shadab Khan and Ishan Kishan pounces"
206,Hardik Pandya,Haris Rauf,147,full,outside,0,0,0,defend,"Haris Rauf to Hardik Pandya, no run, 147kph, in-slanting short of length ball, Pandya defends to mid-on"
207,Ishan Kishan,Haris Rauf,137,full,outside,0,0,1,defend,"Haris Rauf to Ishan Kishan, 1 run, 137kph, hint of width and Ishan Kishan cuts it to deep backward point"
208,Ishan Kishan,Haris Rauf,148,full,outside,0,0,0,defend,"Haris Rauf to Ishan Kishan, no run, 148kph, hits the deck hard, short of length ball, defended to mid-on"
209,Hardik Pandya,Haris Rauf,145,full,outside,0,0,1,cover drive,"Haris Rauf to Hardik Pandya, 1 run, 145kph, Rauf pulls his length back by a fraction, guided to third man"
210,Hardik Pandya,Haris Rauf,149,full,outside,0,0,4,defend,"Haris Rauf to Hardik Pandya, FOUR, 149kph, length ball, Hardik Pandya gets forward and opens his bat-face to guide it to third man"
211,Shubman Gill,Haris Rauf,147,full,outside,1,0,0,defend,"Haris Rauf to Shubman Gill, out Bowled,, 147kph, fuller than good length, seams away a bit, Shubman Gill is half-forward to defend and gets an inside edge that clatters onto the sticks"
212,Shubman Gill,Shadab Khan,87,full,outside,0,0,1,defend,"Shadab Khan to Shubman Gill, 1 run, 87kph, leggie, hint of spin from a length and that's been patted through cover"
213,Shubman Gill,Shadab Khan,,full,outside,0,0,0,cover drive,"Shadab Khan to Shubman Gill, no run, in-drifter, clipped to mid-wicket"
214,Shubman Gill,Shadab Khan,,full,outside,0,0,0,defend,"Shadab Khan to Shubman Gill, no run, brings his bottom hand into play to drive, extra cover makes a diving stop to his left"
215,Shubman Gill,Shadab Khan,85,full,straight,0,0,0,defend,"Shadab Khan to Shubman Gill, no run, 85kph, loopy leggie, Shubman Gill leans forward and miscues the drive to extra cover"
216,Ishan Kishan,Shadab Khan,,full,straight,0,0,1,cover drive,"Shadab Khan to Ishan Kishan, 1 run, tossed up, full in length, Kishan pushes it to mid-off for a quick single"
217,Shubman Gill,Shadab Khan,,length,outside,0,0,1,flick,"Shadab Khan to Shubman Gill, 1 run, starts with a flat ball that comes in with the angle, knocked to long-on"
218,Ishan Kishan,Naseem Shah,143,full,leg,0,0,0,flick,"Naseem Shah to Ishan Kishan, no run, 143kph, off-stump line, defended into the off-side"
219,Ishan Kishan,Naseem Shah,142,full,outside,0,0,4,flick,"Naseem Shah to Ishan Kishan, FOUR, 142kph, edged and four, Ishan Kishan would have had his heart in his mouth"
220,Ishan Kishan,Naseem Shah,143,full,outside,0,0,0,defend,"Naseem Shah to Ishan Kishan, no run, 143kph, slightly fuller and Ishan Kishan gets forward to push it to mid-off"
221,Ishan Kishan,Naseem Shah,144,full,leg,0,0,0,flick,"Naseem Shah to Ishan Kishan, no run, 144kph, stump-to-stump line, Ishan Kishan blocks off the front foot"
222,Ishan Kishan,Naseem Shah,142,full,straight,0,0,0,defend,"Naseem Shah to Ishan Kishan, no run, 142kph, fuller than a length, pushed to point"
223,Shubman Gill,Naseem Shah,136,full,outside,0,0,1,flick,"Naseem Shah to Shubman Gill, 1 run, 136kph, pitched up outside off, Gill drives hard and outside-edges it well wide of first slip"
224,Ishan Kishan,Haris Rauf,146,full,outside,0,0,0,cover drive,"Haris Rauf to Ishan Kishan, no run, 146kph, skiddy ball on a good length, patted to backward point"
225,Ishan Kishan,Haris Rauf,147,full,outside,0,0,0,defend,"Haris Rauf to Ishan Kishan, no run, 147kph, in-slanter on the stumps, defended down the pitch"
226,Ishan Kishan,Haris Rauf,138,full,outside,0,0,6,flick,"Haris Rauf to Ishan Kishan, SIX, 138kph, short and wide outside off from round the wicket, Ishan Kishan hops and goes after it"
227,Shubman Gill,Haris Rauf,148,full,outside,0,0,1,defend,"Haris Rauf to Shubman Gill, 1 run, 148kph, back of a length delivery, a hopping Gill knocks it to the right of mid-on"
228,Shubman Gill,Haris Rauf,,full,straight,0,0,0,flick,"Haris Rauf to Shubman Gill, no run, short and quick on middle and leg, tucked into the leg-side by Shubman Gill"
229,Shubman Gill,Haris Rauf,,full,outside,0,0,0,pull,"Haris Rauf to Shubman Gill, no run, short ball outside off, Shubman Gill looks to pull, can't connect though"
230,Ishan Kishan,Naseem Shah,,full,outside,0,0,2,flick,"Naseem Shah to Ishan Kishan, 2 runs, 50 up for India"
231,Ishan Kishan,Naseem Shah,,full,straight,0,0,0,cover drive,"Naseem Shah to Ishan Kishan, no run, full toss on off, swings back in, Ishan Kishan goes for a drive, gets beaten on the inside edge"
232,Ishan Kishan,Naseem Shah,,full,outside,0,0,0,defend,"Naseem Shah to Ishan Kishan, no run, short of a length on leg, Ishan Kishan looks to work this away, gets hit on the thigh pad"
233,Ishan Kishan,Naseem Shah,,full,straight,0,0,0,flick,"Naseem Shah to Ishan Kishan, no run, short of a length on middle and leg, nudged to square leg by the batter"
234,Ishan Kishan,Naseem Shah,,full,outside,0,0,0,cut,"Naseem Shah to Ishan Kishan, no run, on a length around off, swings in and Ishan Kishan shoulders arms"
235,Shubman Gill,Naseem Shah,,full,outside,0,0,0,defend,"Naseem Shah to Shubman Gill, byes, 1 run, short of a length outside off, shaping away from the batter, left alone and Rizwan fails to gather it cleanly, a bye taken"
236,Ishan Kishan,Haris Rauf,,full,outside,0,0,0,defend,"Haris Rauf to Ishan Kishan, no run, short and quick on off, Ishan Kishan rides the bounce and defends it into the off-side"
237,Shreyas Iyer,Haris Rauf,,full,outside,1,0,0,defend,"Haris Rauf to Shreyas Iyer, out Caught by Fakhar Zaman,, Sharp catch by Fakhar Zaman, Was a short ball by Haris Rauf and Iyer pulls it straight to Fakhar at mid-wicket"
238,Shubman Gill,Haris Rauf,,full,outside,0,0,1,cover drive,"Haris Rauf to Shubman Gill, 1 run, touch fuller on off, Shubman Gill goes for a drive, gets an outside edge to third man"
239,Shubman Gill,Haris Rauf,,full,outside,0,0,0,defend,"Haris Rauf to Shubman Gill, no run, short of a length around off, Shubman Gill defends it from within the crease"
240,Shubman Gill,Haris Rauf,,full,outside,0,0,4,defend,"Haris Rauf to Shubman Gill, FOUR, fired down the leg-side, Shubman Gill flicks it away to the fine leg fence with ease"
241,Shreyas Iyer,Haris Rauf,,full,outside,0,0,1,defend,"Haris Rauf to Shreyas Iyer, 1 run, on a length around off, Shreyas Iyer steers this through backward point for a single"
242,Shubman Gill,Shaheen Afridi,,full,outside,0,0,0,flick,"Shaheen Afridi to Shubman Gill, no run, maiden over by Shaheen Afridi"
243,Shubman Gill,Shaheen Afridi,,full,outside,0,0,0,defend,"Shaheen Afridi to Shubman Gill, no run, on the batter's pads as Gill nudges this to mid-wicket with soft hands"
244,Shubman Gill,Shaheen Afridi,,full,outside,0,0,0,defend,"Shaheen Afridi to Shubman Gill, no run, another peach of a delivery"
245,Shubman Gill,Shaheen Afridi,,full,outside,0,0,0,defend,"Shaheen Afridi to Shubman Gill, no run, on a length around off, pushed to mid-off by Shubman Gill"
246,Shubman Gill,Shaheen Afridi,,full,outside,0,0,0,cover drive,"Shaheen Afridi to Shubman Gill, no run, short of a length outside off, shaping away from the batter, Shubman Gill has a poke, gets beaten"
247,Shubman Gill,Shaheen Afridi,,full,outside,0,0,0,defend,"Shaheen Afridi to Shubman Gill, no run, on a length outside off, shaping into the batter, Gill goes for a drive, connects thin air"
248,Shreyas Iyer,Haris Rauf,,full,outside,0,0,4,defend,"Haris Rauf to Shreyas Iyer, FOUR, 12 runs from that over"
249,Shreyas Iyer,Haris Rauf,,full,outside,0,0,0,defend,"Haris Rauf to Shreyas Iyer, no run, knocked to mid-off by Shreyas Iyer"
250,Shreyas Iyer,Haris Rauf,,full,outside,0,0,4,defend,"Haris Rauf to Shreyas Iyer, FOUR, creamed through cover, Was pitched up by the bowler outside off and Shreyas Iyer plays it off the front foot, drives it through cover-point anad manages to beat the fielder inside the ring"
251,Shreyas Iyer,Haris Rauf,,full,outside,0,0,0,cover drive,"Haris Rauf to Shreyas Iyer, no run, guided back to the bowler as Haris Rauf goes full"
252,Shreyas Iyer,Haris Rauf,,full,outside,0,0,2,defend,"Haris Rauf to Shreyas Iyer, 2 runs, pitched up by the bowler on off and Shreyas Iyer drives this through cover for a couple of runs"
253,Shreyas Iyer,Haris Rauf,,full,outside,0,0,2,defend,"Haris Rauf to Shreyas Iyer, 2 runs, drifting on the pads, Shreyas Iyer works this through square leg for a brace"
254,Shubman Gill,Shaheen Afridi,,full,outside,0,0,0,cut,"Shaheen Afridi to Shubman Gill, no run, on a length outside off, shaping away from the batter, Shubman Gill shoulders arms"
255,Shubman Gill,Shaheen Afridi,,full,outside,0,1,1,flick,"Shaheen Afridi to Shubman Gill, wide, down the leg-side again, another wide"
256,Shubman Gill,Shaheen Afridi,,full,outside,0,0,0,defend,"Shaheen Afridi to Shubman Gill, no run, touch fuller on off, pushed off the front foot to cover by Shubman Gill"
257,Shreyas Iyer,Shaheen Afridi,,full,outside,0,0,1,defend,"Shaheen Afridi to Shreyas Iyer, 1 run, fired on leg, Shreyas Iyer flicks this to fine leg for a single"
258,Shreyas Iyer,Shaheen Afridi,,full,outside,0,1,1,flick,"Shaheen Afridi to Shreyas Iyer, wide, sprays this down the leg-side and it's a wide ball"
259,Kohli,Shaheen Afridi,,full,outside,1,0,0,defend,"Shaheen Afridi to Kohli, out Bowled,, Chopped ON, Short of a length outside off, Kohli looks to punch this through the off-side, but ends up getting an inside edge that deflects and hits the stumps"
260,Kohli,Shaheen Afridi,134,full,outside,0,0,0,cover drive,"Shaheen Afridi to Kohli, no run, 134kph, hits the deck on a length as Kohli lets it through to the keeper"
261,Shubman Gill,Shaheen Afridi,,full,straight,0,0,1,flick,"Shaheen Afridi to Shubman Gill, 1 run, short of a length around middle, Shubman Gill knocks it to mid-off for a single"
262,Kohli,Naseem Shah,,full,outside,0,0,0,defend,"Naseem Shah to Kohli, no run, on a length at the stumps, Kohli defends it back to the bowler"
263,Kohli,Naseem Shah,,full,outside,0,0,4,defend,"Naseem Shah to Kohli, FOUR, Kohli opens his account with a four, And what a cracking shot too"
264,Kohli,Naseem Shah,,full,outside,0,0,0,cut,"Naseem Shah to Kohli, no run, short and quick outside off, some extra carry as Kohli shoulders arms"
265,Kohli,Naseem Shah,,full,straight,0,0,5,defend,"Naseem Shah to Kohli, 5 wides, too many wides already"
266,Kohli,Naseem Shah,144,full,straight,0,0,0,flick,"Naseem Shah to Kohli, no run, 144kph, full and quick on middle and off, shaping away slightly, Kohli gets a leading edge towards cover-point as he tries to work this across the line"
267,Kohli,Naseem Shah,,full,outside,0,0,0,cut,"Naseem Shah to Kohli, no run, pitched up by Naseem Shah outside off, this ball shapes away from Kohli has he shoulders arms"
268,Shubman Gill,Naseem Shah,,full,outside,0,0,0,cover drive,"Naseem Shah to Shubman Gill, leg byes, 1 run, off the mark finally"
269,Shubman Gill,Naseem Shah,,full,outside,0,1,1,flick,"Naseem Shah to Shubman Gill, wide, fired down the leg-side and it's a wide ball"
270,Rohit,Shaheen Afridi,,full,outside,1,0,0,defend,"Shaheen Afridi to Rohit, out Bowled,, And the break has worked for Pakistan, On a length around off, this ball nips back in to beat Rohit's defence"
271,Rohit,Shaheen Afridi,135,full,outside,0,0,0,cover drive,"Shaheen Afridi to Rohit, no run, 135kph, on a length outside off, shaping away from the batter, Rohit has a poke, gets beaten"
272,Rohit,Shaheen Afridi,,full,outside,0,0,0,defend,"Shaheen Afridi to Rohit, no run, short of a length outside off, hint of movement as Rohit leaves it alone"
273,Rohit,Shaheen Afridi,,full,outside,0,0,0,defend,"Shaheen Afridi to Rohit, no run, starts off with a fuller length delivery as Rohit defends it off his front foot"
274,Rohit,Shaheen Afridi,,full,outside,0,0,0,cut,"Shaheen Afridi to Rohit, no run, angled away from the batter outside off, Rohit shoulders arms"
275,Rohit,Shaheen Afridi,136,full,outside,0,0,0,defend,"Shaheen Afridi to Rohit, no run, 136kph, short of a length around off, Rohit watchfully defends it into the off-side"
276,Shubman Gill,Naseem Shah,,full,outside,0,0,0,flick,"Naseem Shah to Shubman Gill, no run, could have been a maiden over, had Naseem Shah not bowled that wide"
277,Shubman Gill,Naseem Shah,143,full,outside,0,0,0,cover drive,"Naseem Shah to Shubman Gill, no run, 143kph, short and quick outside off, nips away from Gill as he lets it through to the keeper"
278,Shubman Gill,Naseem Shah,,full,outside,0,1,1,flick,"Naseem Shah to Shubman Gill, wide, was bowling so well, until this ball"
279,Shubman Gill,Naseem Shah,142,full,outside,0,0,0,defend,"Naseem Shah to Shubman Gill, no run, 142kph, short of a length around off, shapes away a touch as Shubman Gill gets squared up"
280,Shubman Gill,Naseem Shah,,full,outside,0,0,0,cut,"Naseem Shah to Shubman Gill, no run, on a length outside off, curving away from the batter, Shubman Gill shoulders arms once again"
281,Shubman Gill,Naseem Shah,143,full,straight,0,0,0,defend,"Naseem Shah to Shubman Gill, no run, 143kph, back of a length on middle and leg, Shubman Gill stands tall and knocks it to mid-on with soft hands"
282,Shubman Gill,Naseem Shah,,full,outside,0,0,0,defend,"Naseem Shah to Shubman Gill, no run, enormous away swing outside off, Gill leaves it as Rizwan has to throw himself to his right to collect this"
283,Rohit,Shaheen Afridi,139,full,outside,0,0,0,cut,"Shaheen Afridi to Rohit, no run, 139kph, hits the deck on a length, Rohit is watchful as he checks his shot, plays it past Afridi"
284,Rohit,Shaheen Afridi,137,full,outside,0,0,0,defend,"Shaheen Afridi to Rohit, no run, 137kph, back to his inswinging yorker, Rohit digs it out"
285,Rohit,Shaheen Afridi,,full,outside,0,0,0,cut,"Shaheen Afridi to Rohit, no run, shortish delivery outside off, slanted away from the batter, Rohit has a look and shoulders arms"
286,Rohit,Shaheen Afridi,,full,outside,0,0,0,defend,"Shaheen Afridi to Rohit, no run, on a fuller length around off, Rohit drives this crisply to cover"
287,Rohit,Shaheen Afridi,,full,outside,0,0,4,cover drive,"Shaheen Afridi to Rohit, FOUR, great shot"
288,Rohit,Shaheen Afridi,,full,outside,0,0,0,defend,"Shaheen Afridi to Rohit, no run, on a length around off, Rohit defends it from within the crease"
289,Rohit,Shaheen Afridi,,full,straight,0,1,1,flick,"Shaheen Afridi to Rohit, wide, another length ball by Shaheen sprayed down the leg-side, Rohit can't connect his glance"
290,Rohit,Naseem Shah,139,full,outside,0,0,1,cut,"Naseem Shah to Rohit, 1 run, 139kph, on a length around off, this one shapes away from the batter as Rohit plays it with soft hands, steering it down to third man for a single"
291,Rohit,Naseem Shah,,full,outside,0,0,0,defend,"Naseem Shah to Rohit, no run, knocked to mid-on by Rohit from within the crease"
292,Shubman Gill,Naseem Shah,,full,outside,0,0,0,flick,"Naseem Shah to Shubman Gill, leg byes, 1 run, appeal for an lbw, but turned down"
293,his left,He dives,,full,outside,0,0,0,defend," He dives to his left, but fails to grab it, resulting in a leg bye"
294,Rohit,Naseem Shah,,full,outside,0,0,1,defend,"Naseem Shah to Rohit, 1 run, short of a length around off, shaping away from the batter, Rohit steers this to third man for a single"
295,Rohit,Naseem Shah,,full,straight,0,0,0,off drive,"Naseem Shah to Rohit, no run, like mentioned in the pitch report earlier, this one keeps low"
296,Rohit,Naseem Shah,142,full,outside,0,0,0,cut,"Naseem Shah to Rohit, no run, 142kph, short and quick outside off, shaping away as Rohit shoulders arms"
297,Shubman Gill,Shaheen Afridi,136,full,straight,0,0,0,flick,"Shaheen Afridi to Shubman Gill, no run, 136kph, full and quick on middle and leg, Shubman Gill nudges it to mid-wicket"
298,Shubman Gill,Shaheen Afridi,,full,outside,0,1,1,flick,"Shaheen Afridi to Shubman Gill, wide, fired down the leg-side by Shaheen Afridi, Gill misses on his flick"
299,Rohit,Shaheen Afridi,,full,outside,0,0,1,cut,"Shaheen Afridi to Rohit, 1 run, hint of inswing on a length around off, Rohit plays it off the front foot, gets an inside edge towards the leg-side"
300,Rohit,Shaheen Afridi,,full,outside,0,0,0,defend,"Shaheen Afridi to Rohit, no run, way too full, on the pads as Rohit flicks it to the fielder at square leg"
301,Rohit,Shaheen Afridi,,full,outside,0,0,0,defend,"Shaheen Afridi to Rohit, no run, appeal for an lbw, but the impact was a lot higher"
302,Rohit,Shaheen Afridi,,full,outside,0,0,4,cover drive,"Shaheen Afridi to Rohit, FOUR, Rohit gets going with a boundary"
303,Rohit,Shaheen Afridi,,full,outside,0,0,0,defend,"Shaheen Afridi to Rohit, no run, starts off with an inswinging yorker on off, Rohit brings his bat down in time and digs it out into the off-side"
304,play good cricket,Got,,short,outside,0,0,0,cover drive," Got to play good cricket, you need to embrace the challenge, embrace the situation"
